region,Acc,name,network,hemi,bankssts_left,bankssts_right,caudalanteriorcingulate_left,caudalanteriorcingulate_right,caudalmiddlefrontal_left,caudalmiddlefrontal_right,cuneus_left,cuneus_right,entorhinal_left,entorhinal_right,frontalpole_left,frontalpole_right,fusiform_left,fusiform_right,inferiorparietal_left,inferiorparietal_right,inferiortemporal_left,inferiortemporal_right,insula_left,insula_right,isthmuscingulate_left,isthmuscingulate_right,lateraloccipital_left,lateraloccipital_right,lateralorbitofrontal_left,lateralorbitofrontal_right,lingual_left,lingual_right,medialorbitofrontal_left,medialorbitofrontal_right,middletemporal_left,middletemporal_right,paracentral_left,paracentral_right,parahippocampal_left,parahippocampal_right,parsopercularis_left,parsopercularis_right,parsorbitalis_left,parsorbitalis_right,parstriangularis_left,parstriangularis_right,pericalcarine_left,pericalcarine_right,postcentral_left,postcentral_right,posteriorcingulate_left,posteriorcingulate_right,precentral_left,precentral_right,precuneus_left,precuneus_right,rostralanteriorcingulate_left,rostralanteriorcingulate_right,rostralmiddlefrontal_left,rostralmiddlefrontal_right,superiorfrontal_left,superiorfrontal_right,superiorparietal_left,superiorparietal_right,superiortemporal_left,superiortemporal_right,supramarginal_left,supramarginal_right,temporalpole_left,temporalpole_right,transversetemporal_left,transversetemporal_right
bankssts,0.773763,bankssts L,dmn,left,0.0080147781731662,0.966838898210901,0.897395762081951,0.894158332439733,0.85816923626227,0.840928995271326,0.867799742378784,0.869938663443975,0.909942428621069,0.904108136530978,0.744002421700959,0.742672914589181,0.963286996542309,0.950396839840453,0.950035638036055,0.946420678990127,0.963991620045861,0.933668504828592,0.915815374103615,0.908197043520889,0.935610573583249,0.931009252325875,0.87077443735791,0.868114315125301,0.799098244298294,0.794289954917219,0.897468720755836,0.898244957068397,0.790787112736882,0.789331977815819,0.958716355631014,0.93734955532985,0.851759182770051,0.842999847542695,0.960014600138134,0.95025173274953,0.879500271510819,0.865937963869599,0.802980453951536,0.782436088182797,0.84358555852524,0.823618154116922,0.847084397807674,0.847981577781208,0.905161112259607,0.895063424730111,0.895452343177735,0.892613477729196,0.873589740043963,0.858909802133737,0.927548376087827,0.925107962475646,0.827509644728512,0.824858441849017,0.790228081841253,0.775236285840838,0.810557458556709,0.797514423230188,0.906092567917264,0.900481222218754,0.952545644148147,0.926542121073352,0.953222212086336,0.940000484183439,0.864034443627781,0.830501045839477,0.967904352569795,0.953792840918025
bankssts,0.743158,bankssts R,somatomotor,right,0.00311264036634151,1,0.91404636074511,0.911964259885995,0.876567544358416,0.865478040717611,0.864108773188569,0.868233977797474,0.924103519714003,0.923672406510774,0.775803826588073,0.774231940362128,0.954188552143383,0.966935781096688,0.943498077488504,0.955125296825973,0.957750052275434,0.955095843207541,0.928254788430802,0.931401601802773,0.943375128998191,0.941104852122274,0.86408444016998,0.865383179734717,0.826401587077678,0.823986010435813,0.895669570323776,0.90024397676859,0.819216657010248,0.818187753822453,0.954433908933469,0.958366725753505,0.868288920213028,0.860713154899895,0.962242800562294,0.962994263953131,0.89552143886515,0.89216149056843,0.829620432690986,0.812788949403094,0.865548964614784,0.852095110854642,0.843520184084808,0.846694680705451,0.914075790193629,0.915816433024705,0.910597677610105,0.908842200849342,0.887133254359721,0.881668917332037,0.932369666788508,0.931577294807738,0.853140633461251,0.850697185243408,0.817898178233561,0.805579472071778,0.836065029343146,0.824443046314639,0.909435911917183,0.907138521476875,0.952426361426106,0.948222421972488,0.950844278845293,0.957586696702925,0.883761514484175,0.857287335745841,0.964425714485724,0.972486312095244
caudal anterior cingulate,0.750224,caudalanteriorcingulate L,ventral_attention,left,0.000890846064791062,0.91404636074511,1,0.997878819257375,0.975460934124733,0.969621694375066,0.781869680227156,0.786014822506548,0.955898077276425,0.955770984024108,0.893251351846397,0.891039899996808,0.878593494812488,0.89420198191203,0.876613451545002,0.888613539943739,0.931808755221458,0.942466148128941,0.970213829349878,0.969182837152618,0.958884579713892,0.961075372913444,0.769921167385883,0.760468666123831,0.923705340278182,0.920174065032242,0.819331037960707,0.823149351976903,0.919729626255681,0.920561244611939,0.942841910812466,0.9462786857673,0.944832316478663,0.942718209302253,0.938614066639378,0.944407392694508,0.975610621465577,0.97134156555523,0.930821401771243,0.919391923514177,0.958817904583981,0.950023327267678,0.758476588418279,0.762302223037763,0.950079379030349,0.956188401482072,0.97279535170221,0.97360454471772,0.965834652824021,0.965771244260096,0.900049939151296,0.899999154560792,0.954070654586733,0.954983718023798,0.936265906260932,0.925993353862211,0.959188328154535,0.949543604468438,0.879800848729942,0.875820072271918,0.954323898035227,0.958587267801866,0.92714289596175,0.934861217230767,0.944545708704841,0.933094333764303,0.941938837040455,0.95084880670223
caudal anterior cingulate,0.734076,caudalanteriorcingulate R,ventral_attention,right,0.00352920239455268,0.911964259885995,0.997878819257375,1,0.97477758668423,0.971854599816338,0.777691893776604,0.781907351875378,0.956135376634894,0.956553079989911,0.899063229769087,0.896959081201154,0.875744444095972,0.89240748155656,0.872898705943213,0.886161755052803,0.930589396290415,0.943215324774438,0.970675430025531,0.970611672146039,0.956886402681183,0.959666155505951,0.765444188253041,0.755772698464402,0.92808389655044,0.924964412214139,0.815728402965643,0.819366462306623,0.924548127076556,0.925512905324765,0.941751184484863,0.94668364236114,0.944377522748885,0.943090463641015,0.936722435346397,0.943672283166233,0.975963693552396,0.973252685160756,0.934802350335045,0.924201776678442,0.960986444799062,0.953680139061133,0.75446328379685,0.758136361695642,0.947601597982498,0.955652214204761,0.972129463657379,0.973266366960526,0.964227232412602,0.966554859930623,0.897389549353206,0.89775070006075,0.957958992178637,0.95906754728197,0.940161041591857,0.931128060553932,0.961966835582633,0.953025092544077,0.87718180414554,0.873702099940916,0.952870634291729,0.958951881893666,0.923820368256031,0.933124555366153,0.946846132083667,0.936594678362068,0.938897321713017,0.949324170382741
caudal middle frontal,0.728693,caudalmiddlefrontal L,dmn,left,0.000231499462947204,0.876567544358416,0.975460934124733,0.97477758668423,1,0.979272216606522,0.721148699060692,0.726184018078948,0.929426170110112,0.931185272497205,0.901441071896188,0.899227398633939,0.828789638888851,0.84819995756737,0.836323679704417,0.850146501860329,0.896656128164531,0.914916476575117,0.95426940633335,0.951384301869493,0.928048020458733,0.933742542168541,0.708785833702359,0.697230453851439,0.927173498857917,0.922391658760089,0.760745278623695,0.764862884490832,0.922518852105516,0.923539707991842,0.91277473900225,0.919982136129696,0.948372061759545,0.948294958477662,0.895884635374484,0.905470054402327,0.975681465803263,0.970902774802841,0.933194884132784,0.924103895212354,0.958971030944775,0.952540958134493,0.697425949516572,0.701578856954835,0.949233787431105,0.95355239600815,0.970161354370142,0.970490508392673,0.976413002655282,0.975088411543011,0.861090482886747,0.861791687163234,0.952073397384681,0.952950044086264,0.943491040885059,0.932974526117356,0.968984001336685,0.957829882564208,0.850848816623547,0.8461151884343,0.927834807689846,0.936919509356678,0.906313180444394,0.915092608225685,0.930517216976229,0.925299386756111,0.909849794937731,0.920449374720446
caudal middle frontal,0.702271,caudalmiddlefrontal R,frontoparietal,right,0.00154772243360046,0.865478040717611,0.969621694375066,0.971854599816338,0.979272216606522,1,0.703192612627589,0.708457322070188,0.931109288967075,0.934616459940414,0.924540365637214,0.923047592025897,0.814258113773968,0.838778624241881,0.818378656742215,0.835971933582801,0.889744652813224,0.91491845985739,0.953239396418567,0.954287561014935,0.914930373072737,0.922127428610062,0.691820737022488,0.678951356890148,0.943292312794373,0.940713887906135,0.746157819616307,0.75005361125618,0.94029048031176,0.941712876145468,0.906100673968822,0.918690565432126,0.937480888611422,0.941079207697472,0.884980318935512,0.899599551983293,0.97220527240966,0.977819011670173,0.94789618621856,0.943317715938076,0.964716689683545,0.965540878977189,0.681824419418265,0.685887764095842,0.931447488652373,0.950892148419197,0.960003158168279,0.963701111498639,0.960713326638238,0.976865891646405,0.844985473510618,0.846641065335473,0.962792129145585,0.964119067699485,0.956945277887012,0.952966148363462,0.975805550479092,0.971677627677182,0.833631846277054,0.8315628032097,0.918624533126877,0.936067920180115,0.888161753611309,0.906350711359278,0.940149938936222,0.939902156942314,0.894427860027802,0.912611698450166
cuneus,0.792708,cuneus L,visual,left,0.00520839259162709,0.864108773188569,0.781869680227156,0.777691893776604,0.721148699060692,0.703192612627589,1,0.988636508674628,0.78491391855756,0.779718070254514,0.591644526975653,0.590060507446307,0.894052101649411,0.877660885090324,0.917794753935435,0.904537868646714,0.83177490556025,0.802598685849704,0.786347248085442,0.781853365453382,0.868871179359942,0.855415729129838,0.958762188779896,0.953798283861246,0.650331230472897,0.6472729490569,0.955127046727984,0.954348383647186,0.643623872098406,0.641287967681159,0.815167542149197,0.799331576157808,0.74992976479723,0.737062713316954,0.853152420685171,0.838367061236762,0.737358923545472,0.724239133126669,0.650092471258218,0.62848287137205,0.694370329034335,0.673374081972528,0.967196386684011,0.964876713709321,0.78724956704524,0.777323709663853,0.785522075726907,0.782333936622819,0.744724698019708,0.729294908750386,0.919467620466529,0.914344596408588,0.684474843934388,0.681270745575627,0.635604863092818,0.620515584937514,0.668075869931174,0.654102652971395,0.899096120494479,0.896909784161559,0.813046843570292,0.788250686581012,0.842746621275769,0.83246048992396,0.724911080788174,0.68594508674465,0.852043442878091,0.838654869778884
cuneus,0.795835,cuneus R,visual,right,0.00142101645949044,0.868233977797474,0.786014822506548,0.781907351875378,0.726184018078948,0.708457322070188,0.988636508674628,1,0.786091779256095,0.781203058366205,0.593681850349062,0.591818874290673,0.895439947181153,0.880664478348683,0.921458001633449,0.911371190112481,0.832997361523398,0.804792472001058,0.788573584851355,0.784892733665863,0.873007278770718,0.861463397137965,0.953767044141822,0.951617356140108,0.652502078048204,0.648957340865096,0.952769511062898,0.952688913520716,0.645884911038908,0.643569531459111,0.816871539507422,0.801657785348749,0.755647997689728,0.74257947004815,0.855699120011391,0.840632079576545,0.740964673457157,0.727895753367713,0.652291039846749,0.630720557373487,0.697208985047182,0.676444967661384,0.961876748835375,0.965096297505329,0.792766048397545,0.783396452417947,0.790766855137775,0.787133114743058,0.750283963626116,0.734934783934634,0.923006622716398,0.922126730627571,0.687698956051062,0.684480907869283,0.638655548424823,0.623238556155384,0.671999678990015,0.657777141235336,0.904602375922122,0.906775176039748,0.815363150852207,0.791636948647684,0.848043140117582,0.838789558943241,0.726151100556008,0.687287036323985,0.854654248529842,0.842838374778978
entorhinal,0.802015,entorhinal L,limbic,left,0.00102253584686707,0.924103519714003,0.955898077276425,0.956135376634894,0.929426170110112,0.931109288967075,0.78491391855756,0.786091779256095,1,0.990142794810097,0.908112360591582,0.906479187544631,0.908337095189831,0.925710570998157,0.867890952854901,0.878418295715145,0.965444720282168,0.97354675157581,0.983207101092866,0.978938224367341,0.927012320850639,0.927939350798348,0.79460708598724,0.782884554249374,0.940058887626433,0.93683341358256,0.840640491021658,0.843280820705868,0.934128602676265,0.932876981115144,0.968927246500162,0.968991244199257,0.882184074903071,0.880994157959196,0.963159241155369,0.968584126819105,0.959013942827256,0.956340144081986,0.944009501244507,0.930974800203407,0.956956811508045,0.948140403436386,0.779503717805594,0.781551223286853,0.904073488171228,0.914172812397454,0.929564768974332,0.932261358479395,0.912711723776771,0.918474409620974,0.881665017105369,0.881424585090646,0.944390040996243,0.943263783759193,0.934950146681702,0.926049160991761,0.930599450658177,0.926469250682273,0.847191866042991,0.844776986468658,0.966830532924873,0.968525950219967,0.902387823976378,0.911916155437463,0.977335938311751,0.961836147763357,0.943511512753532,0.950263501348952
entorhinal,0.807256,entorhinal R,limbic,right,0.00314885839270373,0.923672406510774,0.955770984024108,0.956553079989911,0.931185272497205,0.934616459940414,0.779718070254514,0.781203058366205,0.990142794810097,1,0.915415942063884,0.914112082497058,0.903700831200643,0.923333208035525,0.863072236314694,0.876750584206024,0.959940229286971,0.977527693889468,0.97955391322974,0.984963920550652,0.92360774502043,0.926151288945766,0.788330640877293,0.776786894632586,0.944368605480374,0.944058138574108,0.836288042294561,0.838091588289691,0.939662120168907,0.938674758726315,0.963797403827564,0.972423211941163,0.882614861086138,0.882526203218092,0.957830544940174,0.969051663883104,0.959650322546463,0.960436371944075,0.948211581733311,0.938257871157708,0.959699777119154,0.953659131293749,0.774928466230491,0.776160893474166,0.90324496856774,0.916044285154718,0.92924555675503,0.932474026467423,0.912920561498249,0.921114296561823,0.878566902520817,0.877502406366322,0.948722128855158,0.94742330047362,0.939731608599969,0.932601747563797,0.934590471411725,0.931073067047092,0.844102182320576,0.841601978161005,0.963258992296961,0.971864105774809,0.899002767076539,0.911968329525048,0.977180106538671,0.96829601534881,0.938725475752223,0.9508137678764
frontal pole,0.569864,frontalpole L,limbic,left,0.000285550778696408,0.775803826588073,0.893251351846397,0.899063229769087,0.901441071896188,0.924540365637214,0.591644526975653,0.593681850349062,0.908112360591582,0.915415942063884,1,0.996705049170994,0.726796505303166,0.766537261065808,0.703344481516259,0.725309716928894,0.837871933493811,0.886492796410851,0.916476801456821,0.923176628258558,0.809853834606009,0.819709449571798,0.592725445341188,0.570661717991648,0.986117024171976,0.987402101889183,0.649964619960222,0.652956707273897,0.988847895451753,0.988720439530686,0.855664973995775,0.880604306721052,0.821648664767806,0.830049084933413,0.815146452240679,0.841919802408142,0.929004103879163,0.939594236142763,0.982713849634382,0.988221382885826,0.960720402041446,0.970855647322456,0.58449408171418,0.587710763348665,0.816568355643968,0.845801593091795,0.854334293701167,0.861342492360803,0.856814968860601,0.884269493187662,0.730994538041901,0.732790194472362,0.973600619912106,0.973487144000572,0.984589373097929,0.988151469744879,0.953716083758375,0.95998416170103,0.709009589005095,0.709497128313936,0.857752649862201,0.889667920990495,0.771192793222566,0.795206744527524,0.953855139277685,0.971574899037004,0.804203520495999,0.828314972486277
frontal pole,0.578076,frontalpole R,limbic,right,0.0021934918298282,0.774231940362128,0.891039899996808,0.896959081201154,0.899227398633939,0.923047592025897,0.590060507446307,0.591818874290673,0.906479187544631,0.914112082497058,0.996705049170994,1,0.725505531936974,0.764893313034813,0.701330587643465,0.723521292150441,0.836916143164,0.885559346623377,0.914842718578784,0.922008301238188,0.807477012418257,0.817215823572232,0.590965705320201,0.568999581482321,0.984934568883598,0.98782698087993,0.648275133372022,0.65131194455294,0.987407235764993,0.988293891195622,0.854321072429267,0.879748895753964,0.819485418937888,0.8278438903873,0.813411225036097,0.840057340931646,0.927055737441862,0.93887985691279,0.981828290971599,0.988458226345211,0.959363041768471,0.970751435513771,0.583041901571198,0.586219478338963,0.814390838891537,0.84434359777046,0.851880097144717,0.858954809945181,0.854625920188778,0.882706996274447,0.728691344326829,0.730547820101619,0.971950224401148,0.972045723268073,0.982991708191435,0.988270625663634,0.952227906543812,0.958444539170925,0.706937516496818,0.707549705652344,0.856086756957829,0.888660277385607,0.769098944477916,0.793454834551761,0.952523212874056,0.971797134290404,0.802296005407712,0.826754610799306
fusiform,0.774659,fusiform L,visual,left,0.00150013010498595,0.954188552143383,0.878593494812488,0.875744444095972,0.828789638888851,0.814258113773968,0.894052101649411,0.895439947181153,0.908337095189831,0.903700831200643,0.726796505303166,0.725505531936974,1,0.970544764936366,0.938344932028981,0.934263171982813,0.961172429564038,0.927113605516427,0.901630172313311,0.897195249398098,0.919115834676133,0.913600067101165,0.912415870105203,0.907134375155923,0.783219168130555,0.779151263135196,0.934062658728803,0.932228779190533,0.774916833323712,0.772355087887892,0.938942092582061,0.920675327141591,0.824254141978607,0.815512399801509,0.963805276659049,0.953692845411718,0.85582822507229,0.844196052366684,0.785814444833387,0.763512322515376,0.823905347102924,0.80284307868516,0.88683607689994,0.886372979051413,0.86960525719604,0.863700930686626,0.875144244617903,0.873639388302089,0.841440249127261,0.82974147909807,0.924399990100079,0.91977442073883,0.807730283025677,0.804963726116555,0.76933160253018,0.754593554064478,0.788641810858517,0.776606149899207,0.891529875492208,0.887646691723563,0.929814208010471,0.906440678383617,0.918146841834349,0.911169037452685,0.858113683405966,0.818755625911408,0.947257262480795,0.937862500965312
fusiform,0.764573,fusiform R,visual,right,0.00159409142755262,0.966935781096688,0.89420198191203,0.89240748155656,0.84819995756737,0.838778624241881,0.877660885090324,0.880664478348683,0.925710570998157,0.923333208035525,0.766537261065808,0.764893313034813,0.970544764936366,1,0.926972558135851,0.934997321230649,0.957602019520002,0.954366193683445,0.917894164159475,0.921062578790327,0.923126500957477,0.919995893625043,0.891955480821867,0.898398733389606,0.817197872410094,0.81543241003989,0.918483293590223,0.923958693819523,0.810339842055929,0.808093499631709,0.943354714942722,0.944218650908171,0.836588382934017,0.829156577536815,0.967293004416365,0.967461846306299,0.875583336636225,0.871122348292156,0.818601368989253,0.800896086259522,0.850361924158164,0.835350390730422,0.869739970188541,0.872213020979459,0.877044135121446,0.877791072593279,0.887546317022662,0.886683843497524,0.854537361329603,0.848888612093324,0.919495148126003,0.919595946759624,0.838271658426221,0.835556743319762,0.802949944188042,0.791238086427559,0.817419860462442,0.807230390866257,0.886035366291951,0.885859399491694,0.935927445520649,0.927110152387142,0.915467231172794,0.919314125925199,0.881051468979892,0.851541113192472,0.945987104169895,0.950726219068881
inferior parietal,0.815286,inferiorparietal L,dmn,left,0.00799406231625366,0.943498077488504,0.876613451545002,0.872898705943213,0.836323679704417,0.818378656742215,0.917794753935435,0.921458001633449,0.867890952854901,0.863072236314694,0.703344481516259,0.701330587643465,0.938344932028981,0.926972558135851,1,0.968933063101073,0.913662908697434,0.890146785668574,0.881108352267309,0.876134971633769,0.945062052643109,0.937566724708258,0.903543887651075,0.896758003756863,0.759098730808744,0.754450920075473,0.920005639183539,0.917582335057359,0.752596782633146,0.750846365892325,0.908078038154696,0.89434464946411,0.854402226792623,0.841945951319929,0.922172554797772,0.912223694192048,0.845933292436259,0.83322307149887,0.759514943421683,0.740128154288077,0.803435600350535,0.784769133293412,0.887261496987385,0.886553139383347,0.900634661808334,0.889526842144816,0.884252636286865,0.880125978063235,0.859902093535934,0.844993308349005,0.960589246262186,0.957497087225445,0.794831655813629,0.792111773752534,0.750341729015513,0.735127500400949,0.779477658059885,0.765841551420468,0.953857361674235,0.947931697388583,0.908505179441829,0.88714087597558,0.952622159692446,0.936418413974393,0.819123528131956,0.785806723426732,0.937502541997742,0.926537288687609
inferior parietal,0.793333,inferiorparietal R,dmn,right,0.00390695628883031,0.955125296825973,0.888613539943739,0.886161755052803,0.850146501860329,0.835971933582801,0.904537868646714,0.911371190112481,0.878418295715145,0.876750584206024,0.725309716928894,0.723521292150441,0.934263171982813,0.934997321230649,0.968933063101073,1,0.916899776592084,0.904649950226948,0.891580321070855,0.891582890491069,0.947673025316835,0.943737300147341,0.886184225671478,0.891245730778893,0.778030252582654,0.774991197383111,0.908590655819735,0.913275037217984,0.772248836565895,0.771011928143417,0.913274205440041,0.908776832680373,0.864127031542387,0.853277416840584,0.927332525484395,0.922605399926507,0.858838820112528,0.851426434200092,0.778666805249277,0.761657692814024,0.819345705323615,0.805124476336135,0.871556532201605,0.876489711581042,0.907204803123989,0.905206649053527,0.894986134127776,0.89137802581479,0.869984331360047,0.861269817786646,0.9562301046275,0.957626674402456,0.812905444592131,0.810570878222907,0.769908925396099,0.756509636260642,0.797563749351493,0.784577512305508,0.946818292629729,0.950671675032555,0.914580765029127,0.90251136969492,0.949993509383981,0.954217960869394,0.833633941214975,0.804290725870388,0.939344906335646,0.938334044577619
inferior temporal,0.789732,inferiortemporal L,limbic,left,-0.000815038161343984,0.957750052275434,0.931808755221458,0.930589396290415,0.896656128164531,0.889744652813224,0.83177490556025,0.832997361523398,0.965444720282168,0.959940229286971,0.837871933493811,0.836916143164,0.961172429564038,0.957602019520002,0.913662908697434,0.916899776592084,1,0.974112797156761,0.960945955419941,0.955245607547724,0.933151248386487,0.931664187755613,0.843481210817673,0.83518117946637,0.882027805575314,0.878220039017685,0.878958593660991,0.881348027062533,0.874212914757446,0.872466336025417,0.9870502539419,0.970948942549521,0.864974413535644,0.860498478851295,0.979283229927013,0.975869622660129,0.928520538620324,0.920183648108358,0.886803894764697,0.868831397988924,0.91194892422776,0.89672530754056,0.820737138090109,0.822215542251913,0.903478958498186,0.905499865346216,0.914053353010779,0.914659305931934,0.894164910452202,0.890889939707947,0.907621669485253,0.904368087966818,0.89622869258054,0.893915032921525,0.872598206636039,0.860628932586254,0.876744048157712,0.868761163283087,0.874585927166467,0.870976006565398,0.97456566519767,0.961141185275734,0.92998019066571,0.928253078316463,0.937423568317681,0.909814782791988,0.96492395467479,0.962578982654471
inferior temporal,0.773366,inferiortemporal R,limbic,right,0.00623274151197406,0.955095843207541,0.942466148128941,0.943215324774438,0.914916476575117,0.91491845985739,0.802598685849704,0.804792472001058,0.97354675157581,0.977527693889468,0.886492796410851,0.885559346623377,0.927113605516427,0.954366193683445,0.890146785668574,0.904649950226948,0.974112797156761,1,0.970560502724834,0.977414051507678,0.928470272046252,0.929535370144958,0.810516426630011,0.803758734547822,0.921385380764002,0.921545918198552,0.852946398592914,0.85678382075641,0.915615699011144,0.915054718176545,0.974561535389233,0.989784019013694,0.873745936300184,0.871733137527333,0.965861501677162,0.976389315244998,0.945318015492381,0.947967162485886,0.923981951510283,0.913802391437441,0.939362612021104,0.933485889560292,0.792415420287667,0.795157415982288,0.904784820385628,0.916011862338312,0.920678379944411,0.922555703216836,0.903541884594471,0.90962704268376,0.892857680478704,0.892785090748657,0.930151530199353,0.928278708839618,0.911736835815373,0.904181568082487,0.908665288672389,0.90331634031843,0.860630575353911,0.858832806740728,0.968801378117847,0.976331816797366,0.916386125664931,0.927348568549342,0.958948803065428,0.946324675179191,0.951283153372351,0.963191937147052
insula,0.776401,insula L,ventral_attention,left,0.00206325926362583,0.928254788430802,0.970213829349878,0.970675430025531,0.95426940633335,0.953239396418567,0.786347248085442,0.788573584851355,0.983207101092866,0.97955391322974,0.916476801456821,0.914842718578784,0.901630172313311,0.917894164159475,0.881108352267309,0.891580321070855,0.960945955419941,0.970560502724834,1,0.985696700910952,0.945688777909115,0.947295151769317,0.787147753406497,0.774599458873513,0.952628489220453,0.946193875089377,0.835756485395477,0.837853807213332,0.945969149093232,0.944898322111598,0.968450575773459,0.969734016784064,0.912252929444196,0.911376555357894,0.954318883591204,0.961628172410938,0.981076223018091,0.972584075077342,0.952533654054339,0.940371573517979,0.970572635417562,0.960479533612789,0.774019780750562,0.776540844270267,0.934029236865768,0.940346548676849,0.952471972331864,0.954113663174467,0.943511429028712,0.945573312585173,0.895367739768251,0.894720917225767,0.962077985365095,0.960333733943852,0.946138834583586,0.936918291897745,0.947322535308536,0.941490436021133,0.869218550040528,0.866214236937434,0.972540986456659,0.9737597076394,0.924896864250878,0.930628098202115,0.97440171199397,0.961202466330208,0.952033951490283,0.957156504532903
insula,0.793897,insula R,ventral_attention,right,0.00133534952124936,0.931401601802773,0.969182837152618,0.970611672146039,0.951384301869493,0.954287561014935,0.781853365453382,0.784892733665863,0.978938224367341,0.984963920550652,0.923176628258558,0.922008301238188,0.897195249398098,0.921062578790327,0.876134971633769,0.891582890491069,0.955245607547724,0.977414051507678,0.985696700910952,1,0.940778194802547,0.944284401830001,0.782230629595038,0.771935833380833,0.95312630281724,0.954474382940113,0.831568583905466,0.835072447784664,0.949575430355879,0.949582047224871,0.962169278378571,0.975458442583067,0.909417977888117,0.908708533808583,0.951176375680492,0.963119942280233,0.974061056614766,0.979384214094957,0.954342199623793,0.947112661752272,0.969014065586664,0.965843115936749,0.769602484280002,0.772813329556687,0.927259990366624,0.941950714700037,0.948582810288283,0.951108279640709,0.936844297619155,0.946826302632683,0.891324323992262,0.891543372083126,0.964439983762589,0.963307619078246,0.948885525012789,0.942713540555359,0.949134696371554,0.944226041856341,0.864125733359237,0.862900462482922,0.966127623685162,0.97923274419071,0.917845637419305,0.932263497706543,0.97450579974917,0.967398851176217,0.944526706419263,0.95981443799201
isthmus cingulate,0.831538,isthmuscingulate L,dmn,left,0.00572971321535876,0.943375128998191,0.958884579713892,0.956886402681183,0.928048020458733,0.914930373072737,0.868871179359942,0.873007278770718,0.927012320850639,0.92360774502043,0.809853834606009,0.807477012418257,0.919115834676133,0.923126500957477,0.945062052643109,0.947673025316835,0.933151248386487,0.928470272046252,0.945688777909115,0.940778194802547,1,0.992585158638777,0.84643095382388,0.841959815162822,0.856289157561129,0.851655052603215,0.886128546162798,0.887721229021172,0.851905568057313,0.851990465469424,0.937652394679806,0.933516312731854,0.935618885982768,0.92656810539409,0.94375346339342,0.941621290185856,0.931314714719552,0.921286853918855,0.858936328633187,0.843177465666435,0.898271513467883,0.883969188152538,0.838820841010583,0.841954377047674,0.954979242873448,0.953157423484845,0.956728781615926,0.953543739215225,0.940571476025857,0.932680947071216,0.967764770152246,0.968584175483734,0.895490390182473,0.894421828236367,0.85755741928957,0.843839646273145,0.886496268386715,0.873867176428387,0.948544047583284,0.944980538767847,0.94848310667825,0.941411753539084,0.963072733601531,0.96100810601052,0.89549558705968,0.873662081176802,0.958013152227705,0.957921651579936
isthmus cingulate,0.810737,isthmuscingulate R,dmn,right,0.00193574968820631,0.941104852122274,0.961075372913444,0.959666155505951,0.933742542168541,0.922127428610062,0.855415729129838,0.861463397137965,0.927939350798348,0.926151288945766,0.819709449571798,0.817215823572232,0.913600067101165,0.919995893625043,0.937566724708258,0.943737300147341,0.931664187755613,0.929535370144958,0.947295151769317,0.944284401830001,0.992585158638777,1,0.834166775883337,0.829561628103865,0.864577905983605,0.859775798466244,0.875060173782276,0.877760282798163,0.860702188385008,0.860282011703081,0.936977789093324,0.934731232528521,0.942789872405727,0.934360068377046,0.941393922399409,0.940633689932868,0.936286434588479,0.927795662648919,0.866847432771426,0.852004066168567,0.904877718877352,0.891987631000664,0.825891999001728,0.829284178673028,0.957843266266808,0.957469618792744,0.961732692137171,0.958309880645108,0.946198141110198,0.939928604948482,0.962921507770987,0.964574744736528,0.902970832993676,0.902018153198674,0.866337872692779,0.852995561262406,0.894394622199985,0.882194174619138,0.943922024749117,0.941895072303498,0.948391665074216,0.943581173819308,0.960804140937865,0.961209999097465,0.89991474181604,0.879113495615052,0.955298446971614,0.957948723654231
lateral occipital,0.757207,lateraloccipital L,visual,left,0.00162190283953378,0.86408444016998,0.769921167385883,0.765444188253041,0.708785833702359,0.691820737022488,0.958762188779896,0.953767044141822,0.79460708598724,0.788330640877293,0.592725445341188,0.590965705320201,0.912415870105203,0.891955480821867,0.903543887651075,0.886184225671478,0.843481210817673,0.810516426630011,0.787147753406497,0.782230629595038,0.84643095382388,0.834166775883337,1,0.968037311925572,0.651846176090889,0.648133889172897,0.970564112145827,0.96330168761141,0.643671808064242,0.640382410475105,0.82015984699577,0.801219319112629,0.727979894434623,0.715741021743594,0.862038515937936,0.847122528895174,0.732112601323352,0.718588987840287,0.65137355275616,0.628588807423882,0.692037924062942,0.670095775041878,0.970228218255786,0.96171346855585,0.769004750958139,0.75991029727129,0.773056719676626,0.770673710466687,0.728691214436635,0.71376869202582,0.893927085598634,0.887410397924435,0.678317310792526,0.674717133212551,0.633498070268623,0.618494113233311,0.660865392228804,0.647627088027867,0.864248421672239,0.859982103224745,0.811589017667285,0.784729124433352,0.829590934730927,0.819209217304771,0.731520672004896,0.689192721378301,0.847531164168516,0.834243879881034
lateral occipital,0.7429,lateraloccipital R,visual,right,0.00519236789603184,0.865383179734717,0.760468666123831,0.755772698464402,0.697230453851439,0.678951356890148,0.953798283861246,0.951617356140108,0.782884554249374,0.776786894632586,0.570661717991648,0.568999581482321,0.907134375155923,0.898398733389606,0.896758003756863,0.891245730778893,0.83518117946637,0.803758734547822,0.774599458873513,0.771935833380833,0.841959815162822,0.829561628103865,0.968037311925572,1,0.631411065137715,0.628551716328443,0.957172044643703,0.965932218070101,0.623777032882322,0.620714598659514,0.812055707923546,0.795536173512,0.719890961430605,0.707078959720808,0.85809686192453,0.842672485788983,0.718336417194462,0.705586645881937,0.631900046871135,0.608779437957918,0.675088830529916,0.653359348209059,0.956701152214998,0.962088741972631,0.763068805859803,0.752686209301998,0.76587157772121,0.762583041348536,0.720689894450037,0.703544099493765,0.88726573086361,0.886355153260763,0.6619269619826,0.658420011070992,0.614069013726912,0.59889801323525,0.6449946455895,0.630814538188948,0.85848201736341,0.857678674884906,0.804128273701674,0.777300244138199,0.825442182866659,0.81762851815925,0.715072968318394,0.671797875057652,0.84278065124085,0.831822519540259
lateral orbitofrontal,0.705551,lateralorbitofrontal L,limbic,left,0.000416112740251995,0.826401587077678,0.923705340278182,0.92808389655044,0.927173498857917,0.943292312794373,0.650331230472897,0.652502078048204,0.940058887626433,0.944368605480374,0.986117024171976,0.984934568883598,0.783219168130555,0.817197872410094,0.759098730808744,0.778030252582654,0.882027805575314,0.921385380764002,0.952628489220453,0.95312630281724,0.856289157561129,0.864577905983605,0.651846176090889,0.631411065137715,1,0.993274498225578,0.707708118175036,0.710693781783768,0.995521732301813,0.994125077508045,0.89716072113982,0.916412437747155,0.857153164458742,0.863344186049483,0.862533181810416,0.884422490140162,0.957312459363348,0.961623694821896,0.991519993963605,0.989128519728694,0.979301300636274,0.981161973616212,0.642373851658201,0.645641984871648,0.858611066645693,0.881657027722644,0.892278336888641,0.898067026106052,0.891879877663736,0.912573503764478,0.783896836592505,0.78486096519765,0.985585305331838,0.983908666551652,0.986390630550814,0.985315578963286,0.963024425882847,0.965991996660995,0.760304589940827,0.75970079551139,0.900936290655234,0.924217479245251,0.821156391104444,0.840383011536355,0.975883007952091,0.983782803130207,0.854300268409833,0.873455581290841
lateral orbitofrontal,0.725314,lateralorbitofrontal R,limbic,left,0.00161519785678632,0.823986010435813,0.920174065032242,0.924964412214139,0.922391658760089,0.940713887906135,0.6472729490569,0.648957340865096,0.93683341358256,0.944058138574108,0.987402101889183,0.98782698087993,0.779151263135196,0.81543241003989,0.754450920075473,0.774991197383111,0.878220039017685,0.921545918198552,0.946193875089377,0.954474382940113,0.851655052603215,0.859775798466244,0.648133889172897,0.628551716328443,0.993274498225578,1,0.704700277785959,0.707884339624678,0.994381327586001,0.99508968861967,0.89296062168489,0.916600345752902,0.852179074071941,0.858382281605857,0.859111947037218,0.882566837815418,0.950649727913613,0.961846237340844,0.987621121241133,0.993074924885963,0.973761694205789,0.983169378639616,0.639688270571602,0.642676361617966,0.852441800862978,0.878480832186657,0.886993526946471,0.893163461402203,0.885627325133491,0.909396543310547,0.779249139878215,0.780657298073356,0.983745167220108,0.982983852183981,0.984430411187829,0.987499046713676,0.961135565713397,0.964325529289856,0.755052048452497,0.755221742075685,0.895768582400559,0.924644806620991,0.815526547624967,0.837222585587485,0.972589396598351,0.987041799124773,0.848717083468734,0.871863286841187
lingual,0.801805,lingual L,visual,right,0.00553004354318176,0.895669570323776,0.819331037960707,0.815728402965643,0.760745278623695,0.746157819616307,0.955127046727984,0.952769511062898,0.840640491021658,0.836288042294561,0.649964619960222,0.648275133372022,0.934062658728803,0.918483293590223,0.920005639183539,0.908590655819735,0.878958593660991,0.852946398592914,0.835756485395477,0.831568583905466,0.886128546162798,0.875060173782276,0.970564112145827,0.957172044643703,0.707708118175036,0.704700277785959,1,0.980447290857989,0.699938126982832,0.697370782648848,0.860313752608476,0.845763207640029,0.772481404351133,0.762559063478486,0.89821393509653,0.888779664442173,0.78454102697441,0.772696400564754,0.708224110714531,0.686459468752836,0.747592220303822,0.727248899179796,0.976189280280234,0.965291547181363,0.811448911115602,0.804721938552596,0.819925864687172,0.818545363717679,0.776618546997408,0.764391481944741,0.922025582962258,0.914577502975263,0.735244130948592,0.732130716949966,0.692057845849361,0.676838698768348,0.716885951830028,0.704051609475619,0.885025838230056,0.881022311887968,0.85607543491792,0.834426666380282,0.862351197530497,0.855062056205618,0.78399604805835,0.744709251691937,0.88578709651528,0.876106832413047
lingual,0.792006,lingual R,visual,left,0.000974013803304419,0.90024397676859,0.823149351976903,0.819366462306623,0.764862884490832,0.75005361125618,0.954348383647186,0.952688913520716,0.843280820705868,0.838091588289691,0.652956707273897,0.65131194455294,0.932228779190533,0.923958693819523,0.917582335057359,0.913275037217984,0.881348027062533,0.85678382075641,0.837853807213332,0.835072447784664,0.887721229021172,0.877760282798163,0.96330168761141,0.965932218070101,0.710693781783768,0.707884339624678,0.980447290857989,1,0.703113628275489,0.700440335916314,0.862847925971503,0.849462022383143,0.775839884041079,0.765133569124825,0.902325606695862,0.889658783644871,0.787544888071691,0.776256632301183,0.711219272095771,0.689496654855963,0.750274833940009,0.730477454751118,0.964858878033866,0.973542850981887,0.813724561402899,0.807601929094034,0.823927031656465,0.821766919114348,0.780325570170825,0.768212373220132,0.918694786909846,0.917289577966179,0.739026021055156,0.735848790882281,0.695364047265585,0.680256111333208,0.720610525806737,0.707849231042711,0.884187383773581,0.884169656610438,0.85859985610203,0.836994866637309,0.862779060449428,0.857360541376879,0.785996472120994,0.747266899417524,0.88616550191421,0.879058799222387
medial orbitofrontal,0.720859,medialorbitofrontal L,limbic,right,0.00562448484509659,0.819216657010248,0.919729626255681,0.924548127076556,0.922518852105516,0.94029048031176,0.643623872098406,0.645884911038908,0.934128602676265,0.939662120168907,0.988847895451753,0.987407235764993,0.774916833323712,0.810339842055929,0.752596782633146,0.772248836565895,0.874212914757446,0.915615699011144,0.945969149093232,0.949575430355879,0.851905568057313,0.860702188385008,0.643671808064242,0.623777032882322,0.995521732301813,0.994381327586001,0.699938126982832,0.703113628275489,1,0.998039157630971,0.889504614229849,0.910334075893994,0.854146449504968,0.860739249443533,0.855090709037786,0.878173788360442,0.950918621020368,0.957852292579437,0.986602932609004,0.988323783248,0.973183800283697,0.978901523048666,0.634617761864153,0.637776745444633,0.852918512296621,0.877316209963615,0.888190668887033,0.894254095793856,0.886696796561431,0.909039299030608,0.777859018229641,0.779224843834532,0.988214209361541,0.986370771182144,0.984389369729031,0.985374236974213,0.961770296190991,0.96541949837162,0.755021351672648,0.7551687307734,0.893319736347723,0.918938137958144,0.814689930966091,0.834812198033265,0.971461762326018,0.982521024209087,0.846118449409984,0.866937070525898
medial orbitofrontal,0.711759,medialorbitofrontal R,limbic,left,0.00313249962890039,0.818187753822453,0.920561244611939,0.925512905324765,0.923539707991842,0.941712876145468,0.641287967681159,0.643569531459111,0.932876981115144,0.938674758726315,0.988720439530686,0.988293891195622,0.772355087887892,0.808093499631709,0.750846365892325,0.771011928143417,0.872466336025417,0.915054718176545,0.944898322111598,0.949582047224871,0.851990465469424,0.860282011703081,0.640382410475105,0.620714598659514,0.994125077508045,0.99508968861967,0.697370782648848,0.700440335916314,0.998039157630971,1,0.888213486955546,0.910424679915155,0.855480932652995,0.861801647770724,0.853814498198562,0.876972626018727,0.950674510362726,0.958675457742344,0.986343269957185,0.989007437265917,0.973214012964061,0.979808197691798,0.631788381211223,0.635024346750275,0.85293682973889,0.878294789615793,0.888853707312888,0.894776835974625,0.887138042298034,0.910456168559095,0.776377717390885,0.77825491404318,0.989204281566278,0.987961274929796,0.984874882381227,0.986548565234063,0.963479084010041,0.966263836928715,0.75390921837215,0.754419607283185,0.892031594622156,0.919369718287846,0.814031309269277,0.834885584068114,0.969260249071488,0.983311624974211,0.844938811928842,0.866832416509785
middle temporal,0.817943,middletemporal L,dmn,right,0.00225277143981273,0.954433908933469,0.942841910812466,0.941751184484863,0.91277473900225,0.906100673968822,0.815167542149197,0.816871539507422,0.968927246500162,0.963797403827564,0.855664973995775,0.854321072429267,0.938942092582061,0.943354714942722,0.908078038154696,0.913274205440041,0.9870502539419,0.974561535389233,0.968450575773459,0.962169278378571,0.937652394679806,0.936977789093324,0.82015984699577,0.812055707923546,0.89716072113982,0.89296062168489,0.860313752608476,0.862847925971503,0.889504614229849,0.888213486955546,1,0.976395332043918,0.877138259542422,0.873484950541034,0.974639941512846,0.972357730234075,0.942978971944717,0.934090844084366,0.903338743064783,0.886207345597019,0.928514044826788,0.91330768364879,0.800472501769658,0.802885959469976,0.916945288341798,0.918229550716075,0.923191947397188,0.923762937665037,0.909782389939953,0.906091070099557,0.90385239003922,0.902239971301036,0.91184055765369,0.909915456436934,0.891193760034178,0.879272762975064,0.893761377364949,0.885569267833914,0.873675717369403,0.869227740260382,0.986797188741183,0.97084866396215,0.935997106867647,0.933847295223565,0.946313878934051,0.922424489082105,0.970870050868582,0.965798322783332
middle temporal,0.785986,middletemporal R,dmn,left,0.00254178200155697,0.958366725753505,0.9462786857673,0.94668364236114,0.919982136129696,0.918690565432126,0.799331576157808,0.801657785348749,0.968991244199257,0.972423211941163,0.880604306721052,0.879748895753964,0.920675327141591,0.944218650908171,0.89434464946411,0.908776832680373,0.970948942549521,0.989784019013694,0.969734016784064,0.975458442583067,0.933516312731854,0.934731232528521,0.801219319112629,0.795536173512,0.916412437747155,0.916600345752902,0.845763207640029,0.849462022383143,0.910334075893994,0.910424679915155,0.976395332043918,1,0.880982564978328,0.878319701718775,0.963924916583223,0.973421461353525,0.947658810174229,0.95036587344643,0.920559189780877,0.910892689993127,0.939197347233727,0.933550264439756,0.784604353893297,0.787591577163639,0.914619926152591,0.924501440124971,0.925276469089286,0.926715305710506,0.911721944022674,0.915975581818352,0.896371154527691,0.895983210764817,0.928638408667404,0.927279354422254,0.910065227033316,0.902124368179945,0.908870170961922,0.902552907970683,0.866607260766122,0.863570251569628,0.973145705226984,0.985677775949003,0.925271809203947,0.93575780149235,0.954199629670131,0.941930517662612,0.956607956842602,0.969355868073195
paracentral,0.768332,paracentral L,somatomotor,right,-0.00187580938830256,0.868288920213028,0.944832316478663,0.944377522748885,0.948372061759545,0.937480888611422,0.74992976479723,0.755647997689728,0.882184074903071,0.882614861086138,0.821648664767806,0.819485418937888,0.824254141978607,0.836588382934017,0.854402226792623,0.864127031542387,0.864974413535644,0.873745936300184,0.912252929444196,0.909417977888117,0.935618885982768,0.942789872405727,0.727979894434623,0.719890961430605,0.857153164458742,0.852179074071941,0.772481404351133,0.775839884041079,0.854146449504968,0.855480932652995,0.877138259542422,0.880982564978328,1,0.991347885074992,0.872234020572994,0.877184130121228,0.925827945637966,0.922753795754258,0.859563780845185,0.849669289402801,0.894689898624859,0.887931136243837,0.717404731507998,0.721914109211736,0.955244937857115,0.956901926332221,0.976911843546824,0.972260741199118,0.966935134911807,0.963940964165727,0.884442324567206,0.887492862000777,0.894535957653584,0.894885420099642,0.867757470511462,0.857598305337351,0.911069267381271,0.898254447188193,0.889744560814992,0.887619725198021,0.894038758775759,0.898507805771308,0.910785075893722,0.917856606788302,0.869176572925037,0.858369013960841,0.892467429491955,0.903242176462621
paracentral,0.744596,paracentral R,somatomotor,left,0.0024134608380284,0.860713154899895,0.942718209302253,0.943090463641015,0.948294958477662,0.941079207697472,0.737062713316954,0.74257947004815,0.880994157959196,0.882526203218092,0.830049084933413,0.8278438903873,0.815512399801509,0.829156577536815,0.841945951319929,0.853277416840584,0.860498478851295,0.871733137527333,0.911376555357894,0.908708533808583,0.92656810539409,0.934360068377046,0.715741021743594,0.707078959720808,0.863344186049483,0.858382281605857,0.762559063478486,0.765133569124825,0.860739249443533,0.861801647770724,0.873484950541034,0.878319701718775,0.991347885074992,1,0.866595640350062,0.87292492944563,0.926849749021944,0.924781000286332,0.86557046094372,0.856338640212716,0.89820807110033,0.892552034401242,0.706212440224916,0.710581731658839,0.948062957696489,0.953073335599365,0.975677447348798,0.974700689651727,0.963096893218483,0.96591795679193,0.873505090733517,0.875258343985191,0.898755045372517,0.899027366883019,0.873912427686525,0.864541449025797,0.916193671364248,0.904289721235529,0.877413159892314,0.875271834198928,0.889938961445109,0.896197836772465,0.901269303225278,0.910144462634557,0.87180795794599,0.862644288901098,0.885972115969696,0.897686697813659
parahippocampal,0.801358,parahippocampal L,dmn,right,0.00397645073788822,0.962242800562294,0.938614066639378,0.936722435346397,0.895884635374484,0.884980318935512,0.853152420685171,0.855699120011391,0.963159241155369,0.957830544940174,0.815146452240679,0.813411225036097,0.963805276659049,0.967293004416365,0.922172554797772,0.927332525484395,0.979283229927013,0.965861501677162,0.954318883591204,0.951176375680492,0.94375346339342,0.941393922399409,0.862038515937936,0.85809686192453,0.862533181810416,0.859111947037218,0.89821393509653,0.902325606695862,0.855090709037786,0.853814498198562,0.974639941512846,0.963924916583223,0.872234020572994,0.866595640350062,1,0.987027035327225,0.921819678688838,0.912764672840442,0.869103439589991,0.85006524545247,0.9006870488255,0.883691870217472,0.8426139137322,0.845392967371623,0.909405767333432,0.908137180916009,0.924173593913264,0.923610272624809,0.896750425772425,0.890490697683843,0.921348548707777,0.919771664431232,0.884780474946295,0.883296530843283,0.857320131423053,0.843821648538145,0.868658096914138,0.858595131968508,0.887404889026639,0.88487204692026,0.972531040637957,0.957942610036258,0.932976761063244,0.932749647521948,0.923295638705911,0.894333202536919,0.974660151732204,0.969640451681184
parahippocampal,0.792224,parahippocampal R,visual,left,-0.000224061841946344,0.962994263953131,0.944407392694508,0.943672283166233,0.905470054402327,0.899599551983293,0.838367061236762,0.840632079576545,0.968584126819105,0.969051663883104,0.841919802408142,0.840057340931646,0.953692845411718,0.967461846306299,0.912223694192048,0.922605399926507,0.975869622660129,0.976389315244998,0.961628172410938,0.963119942280233,0.941621290185856,0.940633689932868,0.847122528895174,0.842672485788983,0.884422490140162,0.882566837815418,0.888779664442173,0.889658783644871,0.878173788360442,0.876972626018727,0.972357730234075,0.973421461353525,0.877184130121228,0.87292492944563,0.987027035327225,1,0.931905461535478,0.92741180148705,0.888991098075534,0.87365266549575,0.915514712497312,0.902820853191467,0.829078151076863,0.831119577888128,0.910478043059383,0.9157007561865,0.9281231089814,0.928927551363643,0.902028715586735,0.90117781068819,0.914733213641584,0.912952735815069,0.903596357379362,0.901862010923441,0.878399037095728,0.867228844185136,0.886177932106632,0.877502492731444,0.880343836910983,0.877316389509459,0.970491764647063,0.96855898638123,0.928348876181046,0.935822935396167,0.936989381208437,0.914765219580363,0.967269249791851,0.977094170517238
pars opercularis,0.747564,parsopercularis L,ventral_attention,right,0.00228911036950175,0.89552143886515,0.975610621465577,0.975963693552396,0.975681465803263,0.97220527240966,0.737358923545472,0.740964673457157,0.959013942827256,0.959650322546463,0.929004103879163,0.927055737441862,0.85582822507229,0.875583336636225,0.845933292436259,0.858838820112528,0.928520538620324,0.945318015492381,0.981076223018091,0.974061056614766,0.931314714719552,0.936286434588479,0.732112601323352,0.718336417194462,0.957312459363348,0.950649727913613,0.78454102697441,0.787544888071691,0.950918621020368,0.950674510362726,0.942978971944717,0.947658810174229,0.925827945637966,0.926849749021944,0.921819678688838,0.931905461535478,1,0.982901859087928,0.96248471494673,0.95069347724239,0.984143031183175,0.971789064454764,0.720389814520521,0.724089578887146,0.938409268645555,0.94505254392338,0.958269487366015,0.959938607406219,0.961874591799548,0.961911314149747,0.867292858831051,0.866917370159222,0.971997329662219,0.971454494287285,0.96218308873146,0.952740740891549,0.967602741336244,0.960920463489188,0.847318464082996,0.844118840245138,0.95384758405701,0.959430797383309,0.907373418663212,0.915781521590406,0.964009810469472,0.956207960011834,0.926891315488389,0.936205121233902
pars opercularis,0.737226,parsopercularis R,ventral_attention,left,0.00513940676419611,0.89216149056843,0.97134156555523,0.973252685160756,0.970902774802841,0.977819011670173,0.724239133126669,0.727895753367713,0.956340144081986,0.960436371944075,0.939594236142763,0.93887985691279,0.844196052366684,0.871122348292156,0.83322307149887,0.851426434200092,0.920183648108358,0.947967162485886,0.972584075077342,0.979384214094957,0.921286853918855,0.927795662648919,0.718588987840287,0.705586645881937,0.961623694821896,0.961846237340844,0.772696400564754,0.776256632301183,0.957852292579437,0.958675457742344,0.934090844084366,0.95036587344643,0.922753795754258,0.924781000286332,0.912764672840442,0.92741180148705,0.982901859087928,1,0.964983856185232,0.96296279589019,0.979533252545959,0.984308774075423,0.707286701931537,0.71143383848629,0.927380591489632,0.94605765980227,0.953125913656214,0.95647231973788,0.952108403434162,0.967247743211644,0.856086542498062,0.856303763450355,0.975110510218707,0.975552725569203,0.967539990568818,0.963383911432517,0.971281665258466,0.966456697061722,0.836884346531998,0.835086422253028,0.942836368884342,0.962816701949263,0.894730723282256,0.913046163000477,0.964730629770981,0.964526112527592,0.91430504597718,0.933909401830476
pars orbitalis,0.700116,parsorbitalis L,dmn,right,0.00228801683140656,0.829620432690986,0.930821401771243,0.934802350335045,0.933194884132784,0.94789618621856,0.650092471258218,0.652291039846749,0.944009501244507,0.948211581733311,0.982713849634382,0.981828290971599,0.785814444833387,0.818601368989253,0.759514943421683,0.778666805249277,0.886803894764697,0.923981951510283,0.952533654054339,0.954342199623793,0.858936328633187,0.866847432771426,0.65137355275616,0.631900046871135,0.991519993963605,0.987621121241133,0.708224110714531,0.711219272095771,0.986602932609004,0.986343269957185,0.903338743064783,0.920559189780877,0.859563780845185,0.86557046094372,0.869103439589991,0.888991098075534,0.96248471494673,0.964983856185232,1,0.989181797528863,0.98680191192275,0.984062497693221,0.641694311784657,0.645336430534865,0.863194709356801,0.884926458249368,0.895636114804481,0.901220255892672,0.897054106017179,0.916096389054365,0.785003315656336,0.786042695505403,0.982115416192847,0.981514530000835,0.989983818553517,0.986449267385713,0.966106451347451,0.968295598169833,0.760020114136208,0.759191457308196,0.908068170290786,0.928885073350818,0.824523361944668,0.843628733151268,0.977288257298482,0.98290265200503,0.86105646426507,0.878853906401748
pars orbitalis,0.671851,parsorbitalis R,dmn,left,0.00187692142548412,0.812788949403094,0.919391923514177,0.924201776678442,0.924103895212354,0.943317715938076,0.62848287137205,0.630720557373487,0.930974800203407,0.938257871157708,0.988221382885826,0.988458226345211,0.763512322515376,0.800896086259522,0.740128154288077,0.761657692814024,0.868831397988924,0.913802391437441,0.940371573517979,0.947112661752272,0.843177465666435,0.852004066168567,0.628588807423882,0.608779437957918,0.989128519728694,0.993074924885963,0.686459468752836,0.689496654855963,0.988323783248,0.989007437265917,0.886207345597019,0.910892689993127,0.849669289402801,0.856338640212716,0.85006524545247,0.87365266549575,0.95069347724239,0.96296279589019,0.989181797528863,1,0.975614496808472,0.988071592812752,0.620216084839235,0.623335615212245,0.848344139837696,0.875539682239573,0.883491166411723,0.889804826337839,0.88489565865306,0.909413015210382,0.766664306476601,0.768048165315863,0.980365197578558,0.980697726327506,0.987985809240443,0.992137990414684,0.963627531728987,0.967266019349558,0.743389371325452,0.742929220973937,0.889742529109971,0.921556420678653,0.806894042561046,0.830016608753111,0.967924292323067,0.984073941255973,0.840684425087701,0.865683794402438
pars triangularis,0.731729,parstriangularis L,dmn,right,0.00660563538177883,0.865548964614784,0.958817904583981,0.960986444799062,0.958971030944775,0.964716689683545,0.694370329034335,0.697208985047182,0.956956811508045,0.959699777119154,0.960720402041446,0.959363041768471,0.823905347102924,0.850361924158164,0.803435600350535,0.819345705323615,0.91194892422776,0.939362612021104,0.970572635417562,0.969014065586664,0.898271513467883,0.904877718877352,0.692037924062942,0.675088830529916,0.979301300636274,0.973761694205789,0.747592220303822,0.750274833940009,0.973183800283697,0.973214012964061,0.928514044826788,0.939197347233727,0.894689898624859,0.89820807110033,0.9006870488255,0.915514712497312,0.984143031183175,0.979533252545959,0.98680191192275,0.975614496808472,1,0.985369001102614,0.681427421126401,0.685198714051497,0.902667123126219,0.917769244420423,0.930001771681078,0.933626997926002,0.931731877191704,0.94263057695863,0.827635832108946,0.828305786258044,0.982875136729913,0.982486546714359,0.98325361723836,0.97599502364655,0.972871183116699,0.9703908224912,0.803295970418524,0.801936085153313,0.937088015840287,0.950161264618096,0.866849908918789,0.881190504593879,0.976374592225685,0.975483038770125,0.898699441674863,0.912399154786472
pars triangularis,0.707432,parstriangularis R,ventral_attention,left,0.00435167649565826,0.852095110854642,0.950023327267678,0.953680139061133,0.952540958134493,0.965540878977189,0.673374081972528,0.676444967661384,0.948140403436386,0.953659131293749,0.970855647322456,0.970751435513771,0.80284307868516,0.835350390730422,0.784769133293412,0.805124476336135,0.89672530754056,0.933485889560292,0.960479533612789,0.965843115936749,0.883969188152538,0.891987631000664,0.670095775041878,0.653359348209059,0.981161973616212,0.983169378639616,0.727248899179796,0.730477454751118,0.978901523048666,0.979808197691798,0.91330768364879,0.933550264439756,0.887931136243837,0.892552034401242,0.883691870217472,0.902820853191467,0.971789064454764,0.984308774075423,0.984062497693221,0.988071592812752,0.985369001102614,1,0.660854862377106,0.664126796437436,0.888735902788973,0.912335400332629,0.920368639055878,0.925131631963856,0.921052223642043,0.940947846424146,0.811059105248719,0.811946463416849,0.98418437843225,0.984928459489076,0.985583766527117,0.986310061191674,0.973928650628312,0.973481483588555,0.788495906576717,0.787578147593826,0.919830971730229,0.946748809841804,0.850369935894866,0.87159339079364,0.971793419091642,0.979774474777404,0.879107228837725,0.902243548425968
pericalcarine,0.763843,pericalcarine L,visual,left,0.000990064007846625,0.843520184084808,0.758476588418279,0.75446328379685,0.697425949516572,0.681824419418265,0.967196386684011,0.961876748835375,0.779503717805594,0.774928466230491,0.58449408171418,0.583041901571198,0.88683607689994,0.869739970188541,0.887261496987385,0.871556532201605,0.820737138090109,0.792415420287667,0.774019780750562,0.769602484280002,0.838820841010583,0.825891999001728,0.970228218255786,0.956701152214998,0.642373851658201,0.639688270571602,0.976189280280234,0.964858878033866,0.634617761864153,0.631788381211223,0.800472501769658,0.784604353893297,0.717404731507998,0.706212440224916,0.8426139137322,0.829078151076863,0.720389814520521,0.707286701931537,0.641694311784657,0.620216084839235,0.681427421126401,0.660854862377106,1,0.978494803225162,0.755587410976036,0.747238482538705,0.761178861869456,0.75908700923512,0.715796705521735,0.702557633222616,0.893883982792482,0.885805984564756,0.669412592297147,0.666026360469637,0.624867336155332,0.610024543373172,0.651440810248249,0.638646992449648,0.858056386835627,0.854885843901116,0.795749271618505,0.772168313611864,0.810086861961531,0.802006193381015,0.719390797149644,0.679779358517361,0.831250942384893,0.819459867198241
pericalcarine,0.78659,pericalcarine R,visual,right,-0.000348958624101781,0.846694680705451,0.762302223037763,0.758136361695642,0.701578856954835,0.685887764095842,0.964876713709321,0.965096297505329,0.781551223286853,0.776160893474166,0.587710763348665,0.586219478338963,0.886372979051413,0.872213020979459,0.886553139383347,0.876489711581042,0.822215542251913,0.795157415982288,0.776540844270267,0.772813329556687,0.841954377047674,0.829284178673028,0.96171346855585,0.962088741972631,0.645641984871648,0.642676361617966,0.965291547181363,0.973542850981887,0.637776745444633,0.635024346750275,0.802885959469976,0.787591577163639,0.721914109211736,0.710581731658839,0.845392967371623,0.831119577888128,0.724089578887146,0.71143383848629,0.645336430534865,0.623335615212245,0.685198714051497,0.664126796437436,0.978494803225162,1,0.759027591346967,0.750964256545405,0.765623356107447,0.763138367173221,0.720580931708097,0.706783792686303,0.892503773844249,0.891185434377887,0.673777881146017,0.670234567098138,0.628978545636807,0.613541689177915,0.655987342614758,0.643060656807313,0.85890554782932,0.860021249774526,0.798140068241209,0.775306533595734,0.81161611740977,0.803896924072077,0.721932318251642,0.682136148340872,0.832725205390701,0.822096344475745
postcentral,0.796845,postcentral L,somatomotor,left,-0.00101812546932212,0.914075790193629,0.950079379030349,0.947601597982498,0.949233787431105,0.931447488652373,0.78724956704524,0.792766048397545,0.904073488171228,0.90324496856774,0.816568355643968,0.814390838891537,0.86960525719604,0.877044135121446,0.900634661808334,0.907204803123989,0.903478958498186,0.904784820385628,0.934029236865768,0.927259990366624,0.954979242873448,0.957843266266808,0.769004750958139,0.763068805859803,0.858611066645693,0.852441800862978,0.811448911115602,0.813724561402899,0.852918512296621,0.85293682973889,0.916945288341798,0.914619926152591,0.955244937857115,0.948062957696489,0.909405767333432,0.910478043059383,0.938409268645555,0.927380591489632,0.863194709356801,0.848344139837696,0.902667123126219,0.888735902788973,0.755587410976036,0.759027591346967,1,0.969602618016725,0.964076740590489,0.960202821532568,0.974020945277557,0.955795130627322,0.912345934081378,0.912672558133681,0.893009249650442,0.892397684555834,0.866331908000079,0.852810629893575,0.897519282850601,0.884366127368484,0.916069870491625,0.907667078147652,0.934344549796851,0.927492332756143,0.960020673779639,0.954839717989236,0.883818562356657,0.866178207503693,0.941245187312491,0.937781601065052
postcentral,0.74518,postcentral R,somatomotor,right,0.000883905375824279,0.915816433024705,0.956188401482072,0.955652214204761,0.95355239600815,0.950892148419197,0.777323709663853,0.783396452417947,0.914172812397454,0.916044285154718,0.845801593091795,0.84434359777046,0.863700930686626,0.877791072593279,0.889526842144816,0.905206649053527,0.905499865346216,0.916011862338312,0.940346548676849,0.941950714700037,0.953157423484845,0.957469618792744,0.75991029727129,0.752686209301998,0.881657027722644,0.878480832186657,0.804721938552596,0.807601929094034,0.877316209963615,0.878294789615793,0.918229550716075,0.924501440124971,0.956901926332221,0.953073335599365,0.908137180916009,0.9157007561865,0.94505254392338,0.94605765980227,0.884926458249368,0.875539682239573,0.917769244420423,0.912335400332629,0.747238482538705,0.750964256545405,0.969602618016725,1,0.966308899466278,0.965145137153624,0.963587843123609,0.973700004683703,0.907210890922095,0.908838845519834,0.913314826549196,0.913113637274654,0.888571347287153,0.879985640278785,0.916247549185368,0.905550011764554,0.905003530020574,0.905730731114034,0.931985901384047,0.940571536869671,0.944580569494563,0.963908566391154,0.900459446124928,0.889577477030663,0.931208174192795,0.947125141349
posterior cingulate,0.766337,posteriorcingulate L,ventral_attention,left,0.0011800567854422,0.910597677610105,0.97279535170221,0.972129463657379,0.970161354370142,0.960003158168279,0.785522075726907,0.790766855137775,0.929564768974332,0.92924555675503,0.854334293701167,0.851880097144717,0.875144244617903,0.887546317022662,0.884252636286865,0.894986134127776,0.914053353010779,0.920678379944411,0.952471972331864,0.948582810288283,0.956728781615926,0.961732692137171,0.773056719676626,0.76587157772121,0.892278336888641,0.886993526946471,0.819925864687172,0.823927031656465,0.888190668887033,0.888853707312888,0.923191947397188,0.925276469089286,0.976911843546824,0.975677447348798,0.924173593913264,0.9281231089814,0.958269487366015,0.953125913656214,0.895636114804481,0.883491166411723,0.930001771681078,0.920368639055878,0.761178861869456,0.765623356107447,0.964076740590489,0.966308899466278,1,0.997030816659441,0.977981703967311,0.974800044820305,0.905778125510578,0.906979808395786,0.926475397008834,0.926613178784507,0.901096328334724,0.889573600288083,0.940728472782068,0.927426234117043,0.896811033765393,0.893551086890239,0.936754182632813,0.938877067864737,0.93421853067926,0.940834593416062,0.912136885022489,0.898068933825191,0.934270429410689,0.943207467726186
posterior cingulate,0.769399,posteriorcingulate R,ventral_attention,right,0.000530406938607175,0.908842200849342,0.97360454471772,0.973266366960526,0.970490508392673,0.963701111498639,0.782333936622819,0.787133114743058,0.932261358479395,0.932474026467423,0.861342492360803,0.858954809945181,0.873639388302089,0.886683843497524,0.880125978063235,0.89137802581479,0.914659305931934,0.922555703216836,0.954113663174467,0.951108279640709,0.953543739215225,0.958309880645108,0.770673710466687,0.762583041348536,0.898067026106052,0.893163461402203,0.818545363717679,0.821766919114348,0.894254095793856,0.894776835974625,0.923762937665037,0.926715305710506,0.972260741199118,0.974700689651727,0.923610272624809,0.928927551363643,0.959938607406219,0.95647231973788,0.901220255892672,0.889804826337839,0.933626997926002,0.925131631963856,0.75908700923512,0.763138367173221,0.960202821532568,0.965145137153624,0.997030816659441,1,0.975285880394763,0.976194477473714,0.902502646740481,0.902295156240185,0.930804699398999,0.931028215676958,0.906542854130724,0.895995124706582,0.945616641289766,0.934046571069479,0.892491372438957,0.888057889942525,0.936582006956768,0.940161069184251,0.930195406411005,0.938539933144245,0.916832513243004,0.903363878301027,0.932170208065984,0.942491246110728
precentral,0.755869,precentral L,somatomotor,left,0.00148404675607638,0.887133254359721,0.965834652824021,0.964227232412602,0.976413002655282,0.960713326638238,0.744724698019708,0.750283963626116,0.912711723776771,0.912920561498249,0.856814968860601,0.854625920188778,0.841440249127261,0.854537361329603,0.859902093535934,0.869984331360047,0.894164910452202,0.903541884594471,0.943511429028712,0.936844297619155,0.940571476025857,0.946198141110198,0.728691214436635,0.720689894450037,0.891879877663736,0.885627325133491,0.776618546997408,0.780325570170825,0.886696796561431,0.887138042298034,0.909782389939953,0.911721944022674,0.966935134911807,0.963096893218483,0.896750425772425,0.902028715586735,0.961874591799548,0.952108403434162,0.897054106017179,0.88489565865306,0.931731877191704,0.921052223642043,0.715796705521735,0.720580931708097,0.974020945277557,0.963587843123609,0.977981703967311,0.975285880394763,1,0.976128774669905,0.88112351584974,0.881807517597138,0.92327453297486,0.923661101779887,0.904939543794278,0.892595646591056,0.937993397273571,0.925015881265426,0.877892958964685,0.871731084351994,0.926924357230572,0.928018594726796,0.927021820409078,0.928964857624881,0.904117960838677,0.8919383839686,0.919329495472805,0.924237054982559
precentral,0.737203,precentral R,somatomotor,right,0.00424296434941329,0.881668917332037,0.965771244260096,0.966554859930623,0.975088411543011,0.976865891646405,0.729294908750386,0.734934783934634,0.918474409620974,0.921114296561823,0.884269493187662,0.882706996274447,0.82974147909807,0.848888612093324,0.844993308349005,0.861269817786646,0.890889939707947,0.90962704268376,0.945573312585173,0.946826302632683,0.932680947071216,0.939928604948482,0.71376869202582,0.703544099493765,0.912573503764478,0.909396543310547,0.764391481944741,0.768212373220132,0.909039299030608,0.910456168559095,0.906091070099557,0.915975581818352,0.963940964165727,0.96591795679193,0.890490697683843,0.90117781068819,0.961911314149747,0.967247743211644,0.916096389054365,0.909413015210382,0.94263057695863,0.940947846424146,0.702557633222616,0.706783792686303,0.955795130627322,0.973700004683703,0.974800044820305,0.976194477473714,0.976128774669905,1,0.870777544159593,0.872798841292994,0.939907803370435,0.940680764519347,0.92402127539106,0.917250960196768,0.951662292749573,0.942711141428779,0.864353408171907,0.863649469192875,0.920851706295576,0.933989920127318,0.912325410781358,0.928063992753309,0.917210760569112,0.912272154772193,0.907970353790867,0.924227303294352
precuneus,0.81105,precuneus L,dmn,left,0.00173155668466729,0.932369666788508,0.900049939151296,0.897389549353206,0.861090482886747,0.844985473510618,0.919467620466529,0.923006622716398,0.881665017105369,0.878566902520817,0.730994538041901,0.728691344326829,0.924399990100079,0.919495148126003,0.960589246262186,0.9562301046275,0.907621669485253,0.892857680478704,0.895367739768251,0.891324323992262,0.967764770152246,0.962921507770987,0.893927085598634,0.88726573086361,0.783896836592505,0.779249139878215,0.922025582962258,0.918694786909846,0.777859018229641,0.776377717390885,0.90385239003922,0.896371154527691,0.884442324567206,0.873505090733517,0.921348548707777,0.914733213641584,0.867292858831051,0.856086542498062,0.785003315656336,0.766664306476601,0.827635832108946,0.811059105248719,0.893883982792482,0.892503773844249,0.912345934081378,0.907210890922095,0.905778125510578,0.902502646740481,0.88112351584974,0.870777544159593,1,0.986344758324697,0.820788489175663,0.818858984529306,0.778535067521067,0.763617354509869,0.809803868829161,0.796226651594578,0.967990237552783,0.962306799799808,0.910781493831574,0.896860547331586,0.941793521273696,0.935657443189993,0.838311194346452,0.807958565160966,0.933575532237695,0.928871226991033
precuneus,0.810914,precuneus R,dmn,right,0.00184062076861347,0.931577294807738,0.899999154560792,0.89775070006075,0.861791687163234,0.846641065335473,0.914344596408588,0.922126730627571,0.881424585090646,0.877502406366322,0.732790194472362,0.730547820101619,0.91977442073883,0.919595946759624,0.957497087225445,0.957626674402456,0.904368087966818,0.892785090748657,0.894720917225767,0.891543372083126,0.968584175483734,0.964574744736528,0.887410397924435,0.886355153260763,0.78486096519765,0.780657298073356,0.914577502975263,0.917289577966179,0.779224843834532,0.77825491404318,0.902239971301036,0.895983210764817,0.887492862000777,0.875258343985191,0.919771664431232,0.912952735815069,0.866917370159222,0.856303763450355,0.786042695505403,0.768048165315863,0.828305786258044,0.811946463416849,0.885805984564756,0.891185434377887,0.912672558133681,0.908838845519834,0.906979808395786,0.902295156240185,0.881807517597138,0.872798841292994,0.986344758324697,1,0.822490659112201,0.820618984386355,0.779858536072553,0.765331215844829,0.810907132813532,0.79775656679482,0.96328069256246,0.967801442333753,0.908888189411516,0.896640164212111,0.940827389796822,0.93655515565707,0.837700771738104,0.808815874224535,0.931542969382624,0.928065955260758
rostral anterior cingulate,0.734343,rostralanteriorcingulate L,dmn,left,0.0025372845551257,0.853140633461251,0.954070654586733,0.957958992178637,0.952073397384681,0.962792129145585,0.684474843934388,0.687698956051062,0.944390040996243,0.948722128855158,0.973600619912106,0.971950224401148,0.807730283025677,0.838271658426221,0.794831655813629,0.812905444592131,0.89622869258054,0.930151530199353,0.962077985365095,0.964439983762589,0.895490390182473,0.902970832993676,0.678317310792526,0.6619269619826,0.985585305331838,0.983745167220108,0.735244130948592,0.739026021055156,0.988214209361541,0.989204281566278,0.91184055765369,0.928638408667404,0.894535957653584,0.898755045372517,0.884780474946295,0.903596357379362,0.971997329662219,0.975110510218707,0.982115416192847,0.980365197578558,0.982875136729913,0.98418437843225,0.669412592297147,0.673777881146017,0.893009249650442,0.913314826549196,0.926475397008834,0.930804699398999,0.92327453297486,0.939907803370435,0.820788489175663,0.822490659112201,1,0.998731738197924,0.984819707208964,0.982068788889534,0.976878629887802,0.976107854300135,0.798617934666777,0.798563559766866,0.919338289766718,0.940997701752616,0.855580953043457,0.872902191265349,0.969801207003927,0.976070701834102,0.881207259546658,0.900724320383092
rostral anterior cingulate,0.731525,rostralanteriorcingulate R,dmn,right,-0.000196468785800152,0.850697185243408,0.954983718023798,0.95906754728197,0.952950044086264,0.964119067699485,0.681270745575627,0.684480907869283,0.943263783759193,0.94742330047362,0.973487144000572,0.972045723268073,0.804963726116555,0.835556743319762,0.792111773752534,0.810570878222907,0.893915032921525,0.928278708839618,0.960333733943852,0.963307619078246,0.894421828236367,0.902018153198674,0.674717133212551,0.658420011070992,0.983908666551652,0.982983852183981,0.732130716949966,0.735848790882281,0.986370771182144,0.987961274929796,0.909915456436934,0.927279354422254,0.894885420099642,0.899027366883019,0.883296530843283,0.901862010923441,0.971454494287285,0.975552725569203,0.981514530000835,0.980697726327506,0.982486546714359,0.984928459489076,0.666026360469637,0.670234567098138,0.892397684555834,0.913113637274654,0.926613178784507,0.931028215676958,0.923661101779887,0.940680764519347,0.818858984529306,0.820618984386355,0.998731738197924,1,0.985407952390222,0.983345109710262,0.979055454467177,0.978141863607332,0.796833564187862,0.796723364973933,0.917703606206802,0.940133828014495,0.853821485434603,0.871634491454738,0.968332818224655,0.975052666810351,0.879428584297776,0.899433992136584
rostral middle frontal,0.655954,rostralmiddlefrontal L,frontoparietal,left,0.00206941497459712,0.817898178233561,0.936265906260932,0.940161041591857,0.943491040885059,0.956945277887012,0.635604863092818,0.638655548424823,0.934950146681702,0.939731608599969,0.984589373097929,0.982991708191435,0.76933160253018,0.802949944188042,0.750341729015513,0.769908925396099,0.872598206636039,0.911736835815373,0.946138834583586,0.948885525012789,0.85755741928957,0.866337872692779,0.633498070268623,0.614069013726912,0.986390630550814,0.984430411187829,0.692057845849361,0.695364047265585,0.984389369729031,0.984874882381227,0.891193760034178,0.910065227033316,0.867757470511462,0.873912427686525,0.857320131423053,0.878399037095728,0.96218308873146,0.967539990568818,0.989983818553517,0.987985809240443,0.98325361723836,0.985583766527117,0.624867336155332,0.628978545636807,0.866331908000079,0.888571347287153,0.901096328334724,0.906542854130724,0.904939543794278,0.92402127539106,0.778535067521067,0.779858536072553,0.984819707208964,0.985407952390222,1,0.991939270754604,0.976803070149075,0.977665585130598,0.755598331489371,0.755002600156237,0.898595932915946,0.922926708890977,0.820713103818292,0.840325859109191,0.967376888449064,0.976882256897449,0.852042867707248,0.871949271160457
rostral middle frontal,0.637076,rostralmiddlefrontal R,frontoparietal,right,-0.00135066670896433,0.805579472071778,0.925993353862211,0.931128060553932,0.932974526117356,0.952966148363462,0.620515584937514,0.623238556155384,0.926049160991761,0.932601747563797,0.988151469744879,0.988270625663634,0.754593554064478,0.791238086427559,0.735127500400949,0.756509636260642,0.860628932586254,0.904181568082487,0.936918291897745,0.942713540555359,0.843839646273145,0.852995561262406,0.618494113233311,0.59889801323525,0.985315578963286,0.987499046713676,0.676838698768348,0.680256111333208,0.985374236974213,0.986548565234063,0.879272762975064,0.902124368179945,0.857598305337351,0.864541449025797,0.843821648538145,0.867228844185136,0.952740740891549,0.963383911432517,0.986449267385713,0.992137990414684,0.97599502364655,0.986310061191674,0.610024543373172,0.613541689177915,0.852810629893575,0.879985640278785,0.889573600288083,0.895995124706582,0.892595646591056,0.917250960196768,0.763617354509869,0.765331215844829,0.982068788889534,0.983345109710262,0.991939270754604,1,0.972981058683614,0.976794619864396,0.741820912095953,0.741224338115244,0.884823220720808,0.915258258640612,0.806161086266848,0.829563591537606,0.962202027088065,0.976919580594783,0.836623331311485,0.860983135110384
superior frontal,0.660939,superiorfrontal L,dmn,left,0.0025505643710787,0.836065029343146,0.959188328154535,0.961966835582633,0.968984001336685,0.975805550479092,0.668075869931174,0.671999678990015,0.930599450658177,0.934590471411725,0.953716083758375,0.952227906543812,0.788641810858517,0.817419860462442,0.779477658059885,0.797563749351493,0.876744048157712,0.908665288672389,0.947322535308536,0.949134696371554,0.886496268386715,0.894394622199985,0.660865392228804,0.6449946455895,0.963024425882847,0.961135565713397,0.716885951830028,0.720610525806737,0.961770296190991,0.963479084010041,0.893761377364949,0.908870170961922,0.911069267381271,0.916193671364248,0.868658096914138,0.886177932106632,0.967602741336244,0.971281665258466,0.966106451347451,0.963627531728987,0.972871183116699,0.973928650628312,0.651440810248249,0.655987342614758,0.897519282850601,0.916247549185368,0.940728472782068,0.945616641289766,0.937993397273571,0.951662292749573,0.809803868829161,0.810907132813532,0.976878629887802,0.979055454467177,0.976803070149075,0.972981058683614,1,0.992288916659642,0.791678359067768,0.789861973912548,0.903480882029699,0.924213628917775,0.8493329812251,0.866865787506342,0.950470501869819,0.955791666335471,0.868382805833406,0.887739383436267
superior frontal,0.63776,superiorfrontal R,dmn,right,-0.00112129743934986,0.824443046314639,0.949543604468438,0.953025092544077,0.957829882564208,0.971677627677182,0.654102652971395,0.657777141235336,0.926469250682273,0.931073067047092,0.95998416170103,0.958444539170925,0.776606149899207,0.807230390866257,0.765841551420468,0.784577512305508,0.868761163283087,0.90331634031843,0.941490436021133,0.944226041856341,0.873867176428387,0.882194174619138,0.647627088027867,0.630814538188948,0.965991996660995,0.964325529289856,0.704051609475619,0.707849231042711,0.96541949837162,0.966263836928715,0.885569267833914,0.902552907970683,0.898254447188193,0.904289721235529,0.858595131968508,0.877502492731444,0.960920463489188,0.966456697061722,0.968295598169833,0.967266019349558,0.9703908224912,0.973481483588555,0.638646992449648,0.643060656807313,0.884366127368484,0.905550011764554,0.927426234117043,0.934046571069479,0.925015881265426,0.942711141428779,0.796226651594578,0.79775656679482,0.976107854300135,0.978141863607332,0.977665585130598,0.976794619864396,0.992288916659642,1,0.777568955290673,0.776397025762478,0.894612213931839,0.917399589486248,0.835637242233002,0.854729107798519,0.950464697618236,0.957523194441981,0.856623202905477,0.876953648180205
superior parietal,0.772175,superiorparietal L,dorsal_attention,left,0.000573734990133357,0.909435911917183,0.879800848729942,0.87718180414554,0.850848816623547,0.833631846277054,0.899096120494479,0.904602375922122,0.847191866042991,0.844102182320576,0.709009589005095,0.706937516496818,0.891529875492208,0.886035366291951,0.953857361674235,0.946818292629729,0.874585927166467,0.860630575353911,0.869218550040528,0.864125733359237,0.948544047583284,0.943922024749117,0.864248421672239,0.85848201736341,0.760304589940827,0.755052048452497,0.885025838230056,0.884187383773581,0.755021351672648,0.75390921837215,0.873675717369403,0.866607260766122,0.889744560814992,0.877413159892314,0.887404889026639,0.880343836910983,0.847318464082996,0.836884346531998,0.760020114136208,0.743389371325452,0.803295970418524,0.788495906576717,0.858056386835627,0.85890554782932,0.916069870491625,0.905003530020574,0.896811033765393,0.892491372438957,0.877892958964685,0.864353408171907,0.967990237552783,0.96328069256246,0.798617934666777,0.796833564187862,0.755598331489371,0.741820912095953,0.791678359067768,0.777568955290673,1,0.974008980466209,0.88280390544728,0.868004106874493,0.940636921852884,0.932184332918674,0.806579689081858,0.778582398321798,0.910797560575243,0.90462679566399
superior parietal,0.77814,superiorparietal R,dorsal_attention,right,0.00169314210591853,0.907138521476875,0.875820072271918,0.873702099940916,0.8461151884343,0.8315628032097,0.896909784161559,0.906775176039748,0.844776986468658,0.841601978161005,0.709497128313936,0.707549705652344,0.887646691723563,0.885859399491694,0.947931697388583,0.950671675032555,0.870976006565398,0.858832806740728,0.866214236937434,0.862900462482922,0.944980538767847,0.941895072303498,0.859982103224745,0.857678674884906,0.75970079551139,0.755221742075685,0.881022311887968,0.884169656610438,0.7551687307734,0.754419607283185,0.869227740260382,0.863570251569628,0.887619725198021,0.875271834198928,0.88487204692026,0.877316389509459,0.844118840245138,0.835086422253028,0.759191457308196,0.742929220973937,0.801936085153313,0.787578147593826,0.854885843901116,0.860021249774526,0.907667078147652,0.905730731114034,0.893551086890239,0.888057889942525,0.871731084351994,0.863649469192875,0.962306799799808,0.967801442333753,0.798563559766866,0.796723364973933,0.755002600156237,0.741224338115244,0.789861973912548,0.776397025762478,0.974008980466209,1,0.878220210207758,0.865599447333834,0.931716244874884,0.930657275684602,0.804404309077039,0.777607845500198,0.904415800498548,0.901388766611354
superior temporal,0.786224,superiortemporal L,somatomotor,left,0.00197255789776296,0.952426361426106,0.954323898035227,0.952870634291729,0.927834807689846,0.918624533126877,0.813046843570292,0.815363150852207,0.966830532924873,0.963258992296961,0.857752649862201,0.856086756957829,0.929814208010471,0.935927445520649,0.908505179441829,0.914580765029127,0.97456566519767,0.968801378117847,0.972540986456659,0.966127623685162,0.94848310667825,0.948391665074216,0.811589017667285,0.804128273701674,0.900936290655234,0.895768582400559,0.85607543491792,0.85859985610203,0.893319736347723,0.892031594622156,0.986797188741183,0.973145705226984,0.894038758775759,0.889938961445109,0.972531040637957,0.970491764647063,0.95384758405701,0.942836368884342,0.908068170290786,0.889742529109971,0.937088015840287,0.919830971730229,0.795749271618505,0.798140068241209,0.934344549796851,0.931985901384047,0.936754182632813,0.936582006956768,0.926924357230572,0.920851706295576,0.910781493831574,0.908888189411516,0.919338289766718,0.917703606206802,0.898595932915946,0.884823220720808,0.903480882029699,0.894612213931839,0.88280390544728,0.878220210207758,1,0.974784185862927,0.944620477784926,0.942121728695432,0.946752661877303,0.923412950289952,0.978548001224503,0.970428114759324
superior temporal,0.78678,superiortemporal R,somatomotor,right,0.00202284301591593,0.948222421972488,0.958587267801866,0.958951881893666,0.936919509356678,0.936067920180115,0.788250686581012,0.791636948647684,0.968525950219967,0.971864105774809,0.889667920990495,0.888660277385607,0.906440678383617,0.927110152387142,0.88714087597558,0.90251136969492,0.961141185275734,0.976331816797366,0.9737597076394,0.97923274419071,0.941411753539084,0.943581173819308,0.784729124433352,0.777300244138199,0.924217479245251,0.924644806620991,0.834426666380282,0.836994866637309,0.918938137958144,0.919369718287846,0.97084866396215,0.985677775949003,0.898507805771308,0.896197836772465,0.957942610036258,0.96855898638123,0.959430797383309,0.962816701949263,0.928885073350818,0.921556420678653,0.950161264618096,0.946748809841804,0.772168313611864,0.775306533595734,0.927492332756143,0.940571536869671,0.938877067864737,0.940161069184251,0.928018594726796,0.933989920127318,0.896860547331586,0.896640164212111,0.940997701752616,0.940133828014495,0.922926708890977,0.915258258640612,0.924213628917775,0.917399589486248,0.868004106874493,0.865599447333834,0.974784185862927,1,0.927742004664451,0.941118586046407,0.957527788398346,0.948432900116427,0.95694512743925,0.976813305271733
supramarginal,0.77447,supramarginal L,ventral_attention,left,0.000111901599345043,0.950844278845293,0.92714289596175,0.923820368256031,0.906313180444394,0.888161753611309,0.842746621275769,0.848043140117582,0.902387823976378,0.899002767076539,0.771192793222566,0.769098944477916,0.918146841834349,0.915467231172794,0.952622159692446,0.949993509383981,0.92998019066571,0.916386125664931,0.924896864250878,0.917845637419305,0.963072733601531,0.960804140937865,0.829590934730927,0.825442182866659,0.821156391104444,0.815526547624967,0.862351197530497,0.862779060449428,0.814689930966091,0.814031309269277,0.935997106867647,0.925271809203947,0.910785075893722,0.901269303225278,0.932976761063244,0.928348876181046,0.907373418663212,0.894730723282256,0.824523361944668,0.806894042561046,0.866849908918789,0.850369935894866,0.810086861961531,0.81161611740977,0.960020673779639,0.944580569494563,0.93421853067926,0.930195406411005,0.927021820409078,0.912325410781358,0.941793521273696,0.940827389796822,0.855580953043457,0.853821485434603,0.820713103818292,0.806161086266848,0.8493329812251,0.835637242233002,0.940636921852884,0.931716244874884,0.944620477784926,0.927742004664451,1,0.970257689863108,0.866394808500087,0.840416098574144,0.961953313951372,0.95252572902314
supramarginal,0.744091,supramarginal R,ventral_attention,right,0.00178923222183303,0.957586696702925,0.934861217230767,0.933124555366153,0.915092608225685,0.906350711359278,0.83246048992396,0.838789558943241,0.911916155437463,0.911968329525048,0.795206744527524,0.793454834551761,0.911169037452685,0.919314125925199,0.936418413974393,0.954217960869394,0.928253078316463,0.927348568549342,0.930628098202115,0.932263497706543,0.96100810601052,0.961209999097465,0.819209217304771,0.81762851815925,0.840383011536355,0.837222585587485,0.855062056205618,0.857360541376879,0.834812198033265,0.834885584068114,0.933847295223565,0.93575780149235,0.917856606788302,0.910144462634557,0.932749647521948,0.935822935396167,0.915781521590406,0.913046163000477,0.843628733151268,0.830016608753111,0.881190504593879,0.87159339079364,0.802006193381015,0.803896924072077,0.954839717989236,0.963908566391154,0.940834593416062,0.938539933144245,0.928964857624881,0.928063992753309,0.935657443189993,0.93655515565707,0.872902191265349,0.871634491454738,0.840325859109191,0.829563591537606,0.866865787506342,0.854729107798519,0.932184332918674,0.930657275684602,0.942121728695432,0.941118586046407,0.970257689863108,1,0.880596481939336,0.860182680072758,0.95349530948026,0.96237655673075
temporal pole,0.762974,temporalpole L,limbic,left,0.00302221670042024,0.883761514484175,0.944545708704841,0.946846132083667,0.930517216976229,0.940149938936222,0.724911080788174,0.726151100556008,0.977335938311751,0.977180106538671,0.953855139277685,0.952523212874056,0.858113683405966,0.881051468979892,0.819123528131956,0.833633941214975,0.937423568317681,0.958948803065428,0.97440171199397,0.97450579974917,0.89549558705968,0.89991474181604,0.731520672004896,0.715072968318394,0.975883007952091,0.972589396598351,0.78399604805835,0.785996472120994,0.971461762326018,0.969260249071488,0.946313878934051,0.954199629670131,0.869176572925037,0.87180795794599,0.923295638705911,0.936989381208437,0.964009810469472,0.964730629770981,0.977288257298482,0.967924292323067,0.976374592225685,0.971793419091642,0.719390797149644,0.721932318251642,0.883818562356657,0.900459446124928,0.912136885022489,0.916832513243004,0.904117960838677,0.917210760569112,0.838311194346452,0.837700771738104,0.969801207003927,0.968332818224655,0.967376888449064,0.962202027088065,0.950470501869819,0.950464697618236,0.806579689081858,0.804404309077039,0.946752661877303,0.957527788398346,0.866394808500087,0.880596481939336,1,0.984032628837965,0.908771305047185,0.920888515788577
temporal pole,0.739589,temporalpole R,limbic,right,-0.000568150044249594,0.857287335745841,0.933094333764303,0.936594678362068,0.925299386756111,0.939902156942314,0.68594508674465,0.687287036323985,0.961836147763357,0.96829601534881,0.971574899037004,0.971797134290404,0.818755625911408,0.851541113192472,0.785806723426732,0.804290725870388,0.909814782791988,0.946324675179191,0.961202466330208,0.967398851176217,0.873662081176802,0.879113495615052,0.689192721378301,0.671797875057652,0.983782803130207,0.987041799124773,0.744709251691937,0.747266899417524,0.982521024209087,0.983311624974211,0.922424489082105,0.941930517662612,0.858369013960841,0.862644288901098,0.894333202536919,0.914765219580363,0.956207960011834,0.964526112527592,0.98290265200503,0.984073941255973,0.975483038770125,0.979774474777404,0.679779358517361,0.682136148340872,0.866178207503693,0.889577477030663,0.898068933825191,0.903363878301027,0.8919383839686,0.912272154772193,0.807958565160966,0.808815874224535,0.976070701834102,0.975052666810351,0.976882256897449,0.976919580594783,0.955791666335471,0.957523194441981,0.778582398321798,0.777607845500198,0.923412950289952,0.948432900116427,0.840416098574144,0.860182680072758,0.984032628837965,1,0.880141148262572,0.901146715488673
transverse temporal,0.803239,transversetemporal L,somatomotor,left,0.00478694121448031,0.964425714485724,0.941938837040455,0.938897321713017,0.909849794937731,0.894427860027802,0.852043442878091,0.854654248529842,0.943511512753532,0.938725475752223,0.804203520495999,0.802296005407712,0.947257262480795,0.945987104169895,0.937502541997742,0.939344906335646,0.96492395467479,0.951283153372351,0.952033951490283,0.944526706419263,0.958013152227705,0.955298446971614,0.847531164168516,0.84278065124085,0.854300268409833,0.848717083468734,0.88578709651528,0.88616550191421,0.846118449409984,0.844938811928842,0.970870050868582,0.956607956842602,0.892467429491955,0.885972115969696,0.974660151732204,0.967269249791851,0.926891315488389,0.91430504597718,0.86105646426507,0.840684425087701,0.898699441674863,0.879107228837725,0.831250942384893,0.832725205390701,0.941245187312491,0.931208174192795,0.934270429410689,0.932170208065984,0.919329495472805,0.907970353790867,0.933575532237695,0.931542969382624,0.881207259546658,0.879428584297776,0.852042867707248,0.836623331311485,0.868382805833406,0.856623202905477,0.910797560575243,0.904415800498548,0.978548001224503,0.95694512743925,0.961953313951372,0.95349530948026,0.908771305047185,0.880141148262572,1,0.973864838404885
transverse temporal,0.77341,transversetemporal R,somatomotor,right,0.00339433004875,0.972486312095244,0.95084880670223,0.949324170382741,0.920449374720446,0.912611698450166,0.838654869778884,0.842838374778978,0.950263501348952,0.9508137678764,0.828314972486277,0.826754610799306,0.937862500965312,0.950726219068881,0.926537288687609,0.938334044577619,0.962578982654471,0.963191937147052,0.957156504532903,0.95981443799201,0.957921651579936,0.957948723654231,0.834243879881034,0.831822519540259,0.873455581290841,0.871863286841187,0.876106832413047,0.879058799222387,0.866937070525898,0.866832416509785,0.965798322783332,0.969355868073195,0.903242176462621,0.897686697813659,0.969640451681184,0.977094170517238,0.936205121233902,0.933909401830476,0.878853906401748,0.865683794402438,0.912399154786472,0.902243548425968,0.819459867198241,0.822096344475745,0.937781601065052,0.947125141349,0.943207467726186,0.942491246110728,0.924237054982559,0.924227303294352,0.928871226991033,0.928065955260758,0.900724320383092,0.899433992136584,0.871949271160457,0.860983135110384,0.887739383436267,0.876953648180205,0.90462679566399,0.901388766611354,0.970428114759324,0.976813305271733,0.95252572902314,0.96237655673075,0.920888515788577,0.901146715488673,0.973864838404885,1
